{
  "metrics": {
    "frame_vae_untrained": {
      "mse": 0.2877572178840637,
      "psnr": 5.409737586975098,
      "ssim_global": 0.003643166972324252,
      "temporal_mse": 0.023513929918408394
    },
    "temporal_vae_untrained": {
      "mse": 0.26724758744239807,
      "psnr": 5.730862140655518,
      "ssim_global": 0.003945863340049982,
      "temporal_mse": 0.023441342636942863
    }
  },
  "keyframes": [
    0,
    8,
    9,
    12,
    15
  ]
}